<?xml version="1.0" encoding="UTF-8"?><?xml-stylesheet type='text/xsl' href='_UpgradeReport_Files/UpgradeReport.xslt'?><UpgradeLog>
<Properties><Property Name="Solution" Value="CGproject2">
</Property><Property Name="솔루션 파일" Value="E:\[101]_완료도서\61_C134_OpenGL로 배우는 컴퓨터 그래픽스(개정판)\[03]_부속자료\강의보조자료\프로젝트 소스\[CG]Project IV\CGproject2.sln">
</Property><Property Name="사용자 옵션 파일" Value="E:\[101]_완료도서\61_C134_OpenGL로 배우는 컴퓨터 그래픽스(개정판)\[03]_부속자료\강의보조자료\프로젝트 소스\[CG]Project IV\CGproject2.suo">
</Property><Property Name="Date" Value="2012년 10월 18일 목요일">
</Property><Property Name="Time" Value="오전 10:35">
</Property></Properties><Event ErrorLevel="0" Project="" Source="CGproject2.sln" Description="파일을 E:\[101]_완료도서\61_C134_OpenGL로 배우는 컴퓨터 그래픽스(개정판)\[03]_부속자료\강의보조자료\프로젝트 소스\[CG]Project IV\CGproject2.sln.old(으)로 백업했습니다.">
</Event><Event ErrorLevel="0" Project="" Source="CGproject2.suo" Description="파일을 E:\[101]_완료도서\61_C134_OpenGL로 배우는 컴퓨터 그래픽스(개정판)\[03]_부속자료\강의보조자료\프로젝트 소스\[CG]Project IV\CGproject2.suo.old(으)로 백업했습니다.">
</Event><Event ErrorLevel="0" Project="CGprojectB5" Source="CGprojectB5\CGprojectB5.vcproj" Description="Converting project file 'E:\[101]_완료도서\61_C134_OpenGL로 배우는 컴퓨터 그래픽스(개정판)\[03]_부속자료\강의보조자료\프로젝트 소스\[CG]Project IV\CGprojectB5\CGprojectB5.vcproj'.">
</Event><Event ErrorLevel="1" Project="CGprojectB5" Source="CGprojectB5\CGprojectB5.vcproj" Description="VCWebServiceProxyGeneratorTool is no longer supported. The tool has been removed from your project settings.">
</Event><Event ErrorLevel="0" Project="CGprojectB5" Source="CGprojectB5\CGprojectB5.vcproj" Description="Done converting to new project file 'E:\[101]_완료도서\61_C134_OpenGL로 배우는 컴퓨터 그래픽스(개정판)\[03]_부속자료\강의보조자료\프로젝트 소스\[CG]Project IV\CGprojectB5\CGprojectB5.vcxproj'.">
</Event><Event ErrorLevel="3" Project="CGprojectB5" Source="CGprojectB5\CGprojectB5.vcproj" Description="Converted">
</Event><Event ErrorLevel="0" Project="" Source="CGproject2.sln" Description="솔루션을 변환했습니다.">
</Event><Event ErrorLevel="3" Project="" Source="CGproject2.sln" Description="Converted">
</Event></UpgradeLog>